{"cameraMode":{"drawMode":0,"name":"Shaded","section":"Shading Mode"},"sceneLighting":false,"audioPlay":false,"sceneViewState":{"showFog":true,"showMaterialUpdate":false,"showSkybox":false,"showFlares":true,"showImageEffects":true,"showParticleSystems":true},"in2DMode":false,"pivot":{"x":6.281053066253662,"y":1.1299471855163575,"z":-53.68037033081055},"rotation":{"x":-0.39542967081069949,"y":-0.5320950746536255,"z":0.30842095613479617,"w":-0.6822052597999573},"size":40.149925231933597,"orthographic":false}