{"cameraMode":{"drawMode":0,"name":"Shaded","section":"Shading Mode"},"sceneLighting":false,"audioPlay":false,"sceneViewState":{"showFog":true,"showMaterialUpdate":false,"showSkybox":false,"showFlares":true,"showImageEffects":true,"showParticleSystems":true},"in2DMode":false,"pivot":{"x":-4.813511371612549,"y":-5.566558837890625,"z":5.0085883140563969},"rotation":{"x":-0.4894293546676636,"y":-0.27451589703559878,"z":0.16567954421043397,"w":-0.8109700083732605},"size":17.36161994934082,"orthographic":false}