{"cameraMode":{"drawMode":0,"name":"Shaded","section":"Shading Mode"},"sceneLighting":true,"audioPlay":false,"sceneViewState":{"showFog":true,"showMaterialUpdate":false,"showSkybox":true,"showFlares":true,"showImageEffects":true,"showParticleSystems":true},"in2DMode":false,"pivot":{"x":937.8492431640625,"y":505.96539306640627,"z":-36.29988098144531},"rotation":{"x":0.10359896719455719,"y":-0.026552030816674234,"z":0.002749111270532012,"w":0.9943663477897644},"size":552.1210327148438,"orthographic":true}